Key,Site,Emplacement,Position,Format,Partenaire
391854-10,180 Back,180Back_300x250_RG_ATF,Haut,300 x 600,Rubicon
391854-57,180 Back,180Back_728x90_RG_ATF,Haut,970 x 250,Rubicon
391854-2,180 Back,180Back_728x90_RG_ATF,Haut,728 x 90,Rubicon
391854-15,180 Back,180Back_300x250_RG_ATF,Haut,300 x 250,Rubicon
391890-15,180 Back,180Back_300x250_RG_BTF,Bas,300 x 250,Rubicon
391854-68,180 Back,180Back_Habillage_RG_ATF,Haut,1600 x 1000,Rubicon
392430-10,Actu Rugby,ActuRugby_300x250_RG_ATF,Haut,300 x 600,Rubicon
392430-57,Actu Rugby,ActuRugby_728x90_RG_ATF,Haut,970 x 250,Rubicon
392430-2,Actu Rugby,ActuRugby_728x90_RG_ATF,Haut,728 x 90,Rubicon
392430-15,Actu Rugby,ActuRugby_300x250_RG_ATF,Haut,300 x 250,Rubicon
392466-15,Actu Rugby,ActuRugby_300x250_RG_BTF,Bas,300 x 250,Rubicon
394190-15,Actu Rugby,ActuRugby_300x250_RG_ATF,Haut,300 x 250,Rubicon
394190-43,Actu Rugby,ActuRugby_320x50_MOB_ATF,Haut,320 x 50,Rubicon
394190-67,Actu Rugby,ActuRugby_1x1_MOB,Haut,320 x 480,Rubicon
392430-68,Actu Rugby,ActuRugby_1x1_RG_ATF,Haut,1600 x 1000,Rubicon
392902-57,Les Violets,AllezTFC_728x90_RG_ATF,Haut,970 x 250,Rubicon
392902-2,Les Violets,AllezTFC_728x90_RG_ATF,Haut,728 x 90,Rubicon
392926-2,Les Violets,AllezTFC_728x90_RG_BTF,Bas,728 x 90,Rubicon
392902-15,Les Violets,AllezTFC_300x250_RG_ATF,Haut,300 x 250,Rubicon
484786-15,Les Violets,AllezTFC_300x250_RG_ATF,Haut,300 x 250,Rubicon
484786-43,Les Violets,AllezTFC_320x50_ATF,Haut,320 x 50,Rubicon
486650-43,Les Violets,AllezTFC_320x50_ATF,Haut,320 x 50,Rubicon
484786-67,Les Violets,AllezTFC_1x1_ATF_mob,Haut,320 x 480,Rubicon
392902-68,Les Violets,AllezTFC_Habillage_RG_ATF,Haut,1600 x 1000,Rubicon
523402-10,Allez Marseille,Allez Marseille_300x250_ATF_RG,Haut,300 x 600,Rubicon
523402-57,Allez Marseille,Allez Marseille_728x90_ATF_RG,Haut,970 x 250,Rubicon
523404-2,Allez Marseille,Allez Marseille_728x90_BTF_RG,Bas,728 x 90,Rubicon
523404-15,Allez Marseille,Allez Marseille_300x250_BTF_RG,Bas,300 x 250,Rubicon
523406-15,Allez Marseille,Allez Marseille_300x250_ATF_RG,Haut,300 x 250,Rubicon
523406-43,Allez Marseille,Allez Marseille_320x50_ATF_MOB,Haut,320 x 50,Rubicon
393178-10,Allo Surf,AlloSurf_300x250_RG_ATF,Haut,300 x 600,Rubicon
393178-57,Allo Surf,AlloSurf_728x90_RG_ATF,Haut,970 x 250,Rubicon
393178-2,Allo Surf,AlloSurf_728x90_RG_ATF,Haut,728 x 90,Rubicon
393178-15,Allo Surf,AlloSurf_300x250_RG_ATF,Haut,300 x 250,Rubicon
394398-43,Allo Surf,AlloSurf_320x50_MOB,Haut,320 x 50,Rubicon
394398-67,Allo Surf,AlloSurf_1x1_MOB,Haut,320 x 480,Rubicon
393322-10,Cahiers du Football,CahierDuFootball_300x250_RG_ATF,Haut,300 x 600,Rubicon
393322-57,Cahiers du Football,CahierDuFootball_728x90_RG_ATF,Haut,970 x 250,Rubicon
393322-2,Cahiers du Football,CahierDuFootball_728x90_RG_ATF,Haut,728 x 90,Rubicon
393322-15,Cahiers du Football,CahierDuFootball_300x250_RG_ATF,Haut,300 x 250,Rubicon
393342-15,Cahiers du Football,CahierDuFootball_300x250_RG_BTF,Bas,300 x 250,Rubicon
454952-68,Cahiers du Football,CahierDuFootball_Habillage_RG_ATF,Haut,1600 x 1000,Rubicon
471996-10,DzFoot,DzFoot_300x250_RG_ATF,Haut,300 x 600,Rubicon
471998-10,DzFoot,DzFoot_300x250_RG_BTF,Bas,300 x 600,Rubicon
471996-2,DzFoot,DzFoot_728x90_RG_ATF,Haut,728 x 90,Rubicon
471998-2,DzFoot,DzFoot_728x90_RG_BTF,Bas,728 x 90,Rubicon
471996-58,DzFoot,DzFoot_728x90_RG_ATF,Haut,1000 x 90 ,Rubicon
471996-15,DzFoot,DzFoot_300x250_RG_ATF,Haut,300 x 250,Rubicon
471998-15,DzFoot,DzFoot_300x250_RG_BTF,Bas,300 x 250,Rubicon
472004-15,DzFoot,DzFoot_300x250_RG_ATF,Haut,300 x 250,Rubicon
472004-43,DzFoot,DzFoot_320x50_RG_MOB,Haut,320 x 50,Rubicon
472004-67,DzFoot,DzFoot_1x1_inter_RG_MOB,Haut,320 x 480,Rubicon
471996-68,DzFoot,DzFoot_1x1_habillage_RG_ATF,Haut,1600 x 1000,Rubicon
460206-10,Football Club de Marseille,FCMarseille_300x250_RG_ATF,Haut,300 x 600,Rubicon
460206-57,Football Club de Marseille,FCMarseille_728x90_RG_ATF,Haut,970 x 250,Rubicon
460206-2,Football Club de Marseille,FCMarseille_728x90_RG_ATF,Haut,728 x 90,Rubicon
473098-15,Football Club de Marseille,FCMarseille_300x250_article_ATF,Haut,300 x 250,Rubicon
460206-15,Football Club de Marseille,FCMarseille_300x250_RG_ATF,Haut,300 x 250,Rubicon
460208-15,Football Club de Marseille,FCMarseille_300x250_HP_BTF,Bas,300 x 250,Rubicon
460250-15,Football Club de Marseille,FCMarseille_300x250_RG_ATF,Haut,300 x 250,Rubicon
460250-43,Football Club de Marseille,FCMarseille_320x50_MOB,Haut,320 x 50,Rubicon
393782-10,Footito,Footito_300x250_RG_ATF,Haut,300 x 600,Rubicon
393782-57,Footito,Footito_728x90_RG_ATF,Haut,970 x 250,Rubicon
393782-2,Footito,Footito_728x90_RG_ATF,Haut,728 x 90,Rubicon
393782-15,Footito,Footito_300x250_RG_ATF,Haut,300 x 250,Rubicon
393782-9,Footito,Footito_160x600_RG_ATF,Haut,160x600 ,Rubicon
452900-10,Footpack,Footpack_300x250_ATF_RG,Haut,300 x 600,Rubicon
452900-57,Footpack,Footpack_728x90_ATF_RG,Haut,970 x 250,Rubicon
452900-2,Footpack,Footpack_728x90_ATF_RG,Haut,728 x 90,Rubicon
452900-15,Footpack,Footpack_300x250_ATF_RG,Haut,300 x 250,Rubicon
460246-43,Footpack,Footpack_320x50_MOB_RG,Haut,320 x 50,Rubicon
452900-68,Footpack,Footpack_1x1_ATF_RG,Haut,1600 x 1000,Rubicon
394008-10,Handnews,Handnews_300x250_RG_ATF,Haut,300 x 600,Rubicon
394008-57,Handnews,Handnews_728x90_RG_ATF,Haut,970 x 250,Rubicon
394008-2,Handnews,Handnews_728x90_RG_ATF,Haut,728 x 90,Rubicon
394024-2,Handnews,Handnews_728x90_RG_BTF,Bas,728 x 90,Rubicon
394008-15,Handnews,Handnews_300x250_RG_ATF,Haut,300 x 250,Rubicon
394024-15,Handnews,Handnews_300x250_RG_BTF,Bas,300 x 250,Rubicon
394400-15,Handnews,Handnews_300x250_RG_ATF,Haut,300 x 250,Rubicon
394400-43,Handnews,Mobile-Handnews-320x50,Haut,320 x 50,Rubicon
394400-67,Handnews,Mobile-Handnews_1x1,Haut,320 x 480,Rubicon
394166-88,Hockey Hebdo,HockeyHebdo_300x250_RG_BTF,Bas,300 x 600,Rubicon
394154-10,Hockey Hebdo,HockeyHebdo_300x250_RG_ATF,Haut,300 x 600,Rubicon
413522-10,Hockey Hebdo,HockeyHebdo_300x250_RG_2_BTF,STF,300 x 600,Rubicon
394154-57,Hockey Hebdo,HockeyHebdo_728x90_RG_ATF,Haut,970 x 250,Rubicon
394154-2,Hockey Hebdo,HockeyHebdo_728x90_RG_ATF,Haut,728 x 90,Rubicon
394166-2,Hockey Hebdo,HockeyHebdo_728x90_RG_BTF,Bas,728 x 90,Rubicon
394154-15,Hockey Hebdo,HockeyHebdo_300x250_RG_ATF,Haut,300 x 250,Rubicon
394166-15,Hockey Hebdo,HockeyHebdo_300x250_RG_BTF,Bas,300 x 250,Rubicon
413522-15,Hockey Hebdo,HockeyHebdo_300x250_RG_2_BTF,STF,300 x 250,Rubicon
395228-10,Le Rugbynistere,Rugbynistere_300x250_RG_ATF,Haut,300 x 600,Rubicon
395228-57,Le Rugbynistere,Rugbynistere_728x90_RG_ATF,Haut,970 x 250,Rubicon
395228-2,Le Rugbynistere,Rugbynistere_728x90_RG_ATF,Haut,728 x 90,Rubicon
444938-2,Le Rugbynistere,Rugbynistere_728x90_RG_ATF,Haut,728 x 90,Rubicon
395230-2,Le Rugbynistere,Rugbynistere_728x90_RG_BTF,Bas,728 x 90,Rubicon
395228-15,Le Rugbynistere,Rugbynistere_300x250_RG_ATF,Haut,300 x 250,Rubicon
444938-15,Le Rugbynistere,Rugbynistere_300x250_RG_ATF,Haut,300 x 250,Rubicon
395230-15,Le Rugbynistere,Rugbynistere_300x250_RG_BTF,Bas,300 x 250,Rubicon
394466-15,Le Rugbynistere,Rugbynistere_300x250_MOB,Haut,300 x 250,Rubicon
394466-43,Le Rugbynistere,Rugbynistere_320x50_MOB_ATF,Haut,320 x 50,Rubicon
394466-67,Le Rugbynistere,Responsive-Rugbynistere-320x480,Haut,320 x 480,Rubicon
529906-10,Le Sport Dauphinois,LeSportDauphinois_300x250_ATF_RG,Haut,300 x 600,Rubicon
529908-10,Le Sport Dauphinois,LeSportDauphinois_300x250_BTF_RG,Bas,300 x 600,Rubicon
529906-2,Le Sport Dauphinois,LeSportDauphinois_728x90_ATF_RG,Haut,728 x 90,Rubicon
529908-2,Le Sport Dauphinois,LeSportDauphinois_728x90_BTF_RG,Bas,728 x 90,Rubicon
529906-15,Le Sport Dauphinois,LeSportDauphinois_300x250_ATF_RG,Haut,300 x 250,Rubicon
529908-15,Le Sport Dauphinois,LeSportDauphinois_300x250_BTF_RG,Bas,300 x 250,Rubicon
529910-43,Le Sport Dauphinois,LeSportDauphinois_320x50_MOB_ATF,Haut,320 x 50,Rubicon
395240-10,Mango Surf,MangoSurf_300x250_RG_ATF,Haut,300 x 600,Rubicon
395240-57,Mango Surf,MangoSurf_728x90_RG_ATF,Haut,970 x 250,Rubicon
395240-2,Mango Surf,MangoSurf_728x90_RG_ATF,Haut,728 x 90,Rubicon
395240-15,Mango Surf,MangoSurf_300x250_RG_ATF,Haut,300 x 250,Rubicon
395364-43,Mango Surf,MangoSurf_320x50_MOB_ATF,Haut,320 x 50,Rubicon
490610-10,Mercato Football Club,MercatoFC_300x250_RG_ATF,Haut,300 x 600,Rubicon
490610-2,Mercato Football Club,MercatoFC_728x90_RG_ATF,Haut,728 x 90,Rubicon
490610-15,Mercato Football Club,MercatoFC_300x250_RG_ATF,Haut,300 x 250,Rubicon
490612-15,Mercato Football Club,MercatoFC_300x250_RG_BTF,Bas,300 x 250,Rubicon
523436-10,Nantes Direct,NantesDirect_300x250_ATF_RG,Haut,300 x 600,Rubicon
523436-57,Nantes Direct,NantesDirect_728x90_ATF_RG,Haut,970 x 250,Rubicon
523436-2,Nantes Direct,NantesDirect_728x90_ATF_RG,Haut,728 x 90,Rubicon
523438-2,Nantes Direct,NantesDirect_728x90_BTF_RG,Bas,728 x 90,Rubicon
523436-15,Nantes Direct,NantesDirect_300x250_ATF_RG,Haut,300 x 250,Rubicon
523452-15,Nantes Direct,NantesDirect_300x250_ATF_MOB,Haut,300 x 250,Rubicon
523452-43,Nantes Direct,NantesDirect_320x50_ATF_MOB,Haut,320 x 50,Rubicon
392880-10,Parce Que Toulon,ParceQueToulon_300x250_RG_ATF,Haut,300 x 600,Rubicon
392892-10,Parce Que Toulon,ParceQueToulon_300x250_RG_BTF,Bas,300 x 600,Rubicon
392880-15,Parce Que Toulon,ParceQueToulon_300x250_RG_ATF,Haut,300 x 250,Rubicon
392892-15,Parce Que Toulon,ParceQueToulon_300x250_RG_BTF,Bas,300 x 250,Rubicon
477700-10,Rugby Amateur,RugbyAmateur_300x250_RG_ATF,Haut,300 x 600,Rubicon
477702-10,Rugby Amateur,RugbyAmateur_300x250_RG_BTF,Bas,300 x 600,Rubicon
477700-57,Rugby Amateur,RugbyAmateur_728x90_RG_ATF,Haut,970 x 250,Rubicon
477700-2,Rugby Amateur,RugbyAmateur_728x90_RG_ATF,Haut,728 x 90,Rubicon
477702-2,Rugby Amateur,RugbyAmateur_728x90_RG_BTF,Bas,728 x 90,Rubicon
497122-2,Rugby Amateur,RugbyAmateur_728x90_RG_ATF,Haut,728 x 90,Rubicon
477700-15,Rugby Amateur,RugbyAmateur_300x250_RG_ATF,Haut,300 x 250,Rubicon
477702-15,Rugby Amateur,RugbyAmateur_300x250_RG_BTF,Bas,300 x 250,Rubicon
497124-15,Rugby Amateur,RugbyAmateur_320x50_RG_BTF-article,Bas,300 x 250,Rubicon
477712-15,Rugby Amateur,RugbyAmateur_300x250_RG_ATF,Haut,300 x 250,Rubicon
477712-43,Rugby Amateur,RugbyAmateur_320x50_MOB-ATF,Haut,320 x 50,Rubicon
393188-10,Rugby Transferts,RugbyTransferts_300x250_RG_ATF,Haut,300 x 600,Rubicon
393210-10,Rugby Transferts,RugbyTransferts_300x250_RG_BTF,Bas,300 x 600,Rubicon
393188-2,Rugby Transferts,RugbyTransferts_728x90_RG_ATF,Haut,728 x 90,Rubicon
393210-2,Rugby Transferts,RugbyTransferts_728x90_RG_BTF,Bas,728 x 90,Rubicon
393188-15,Rugby Transferts,RugbyTransferts_300x250_RG_ATF,Haut,300 x 250,Rubicon
393210-15,Rugby Transferts,RugbyTransferts_300x250_RG_BTF,Bas,300 x 250,Rubicon
393188-68,Rugby Transferts,RugbyTransferts_Habillage_RG_ATF,Haut,1600 x 1000,Rubicon
393368-10,Rugbyto,Rugbyto_300x250_RG_ATF,Haut,300 x 600,Rubicon
393368-57,Rugbyto,Rugbyto_728x90_RG_ATF,Haut,970 x 250,Rubicon
393368-2,Rugbyto,Rugbyto_728x90_RG_ATF,Haut,728 x 90,Rubicon
393368-15,Rugbyto,Rugbyto_300x250_RG_ATF,Haut,300 x 250,Rubicon
393466-2,Surf Prevention,SurfPrevention_728x90_RG_ATF,Haut,728 x 90,Rubicon
393466-15,Surf Prevention,SurfPrevention_300x250_RG_ATF,Haut,300 x 250,Rubicon
456346-2,Track And Life,TrackAndLife_728x90_ATF_RG,Haut,728 x 90,Rubicon
456346-15,Track And Life,TrackAndLife_300x250_ATF_RG,Haut,300 x 250,Rubicon
393766-10,Trimes,Trimes_300x250_RG_ATF,Haut,300 x 600,Rubicon
393766-2,Trimes,Trimes_728x90_RG_ATF,Haut,728 x 90,Rubicon
393766-15,Trimes,Trimes_300x250_RG_ATF,Haut,300 x 250,Rubicon
540566-43,Trimes,Trimes_320x50_MOB,Haut,320 x 50,Rubicon
1113,DzFoot,DzFoot_1x1_habillage_RG_ATF,Haut,1600 x 1000,Sublime Skinz
1801,Le Rugbynistere,Rugbynistere_Habillage_RG_ATF,Haut,1600 x 1000,Sublime Skinz
1802,Rugby Transferts,RugbyTransferts_Habillage_RG_ATF,Haut,1600 x 1000,Sublime Skinz
2437,Hockey Hebdo,HockeyHebdo_Habillage_RG_ATF,Haut,1600 x 1000,Sublime Skinz
4565,Sportune,Sportune_Habillage_RG_ATF,Haut,1600 x 1000,Sublime Skinz
4566,Cahiers du Football,CahierDuFootball_Habillage_RG_ATF,Haut,1600 x 1000,Sublime Skinz
4567,Les Violets,AllezTFC_Habillage_RG_ATF,Haut,1600 x 1000,Sublime Skinz
4571,Footito,Footito_Habillage_RG_ATF,Haut,1600 x 1000,Sublime Skinz
8100,Actu Rugby,ActuRugby_1x1_RG_ATF,Haut,1600 x 1000,Sublime Skinz
13359,Scorecast,Scorecast_habillage_1x1_RG_ATF,Haut,1600 x 1000,Sublime Skinz
388228,Le Rugbynistere,Rugbynistere_728x90_RG_ATF,Haut,728 x 90,Criteo
389610,Sportune,Sportune_728x90_RG_ATF,Haut,728 x 90,Criteo
390132,Actu Rugby,ActuRugby_300x250_RG_ATF,Haut,300 x 250,Criteo
390133,Sportune,Sportune_728x90_RG_ATF,Haut,970 x 250,Criteo
390135,Sportune,Sportune_300x250_RG_ATF,Haut,300 x 600,Criteo
390182,Handnews,Handnews_728x90_RG_ATF,Haut,728 x 90,Criteo
390206,Cahiers du Football,CahierDuFootball_728x90_RG_ATF,Haut,728 x 90,Criteo
390262,Statistiks,Statistiks_728x90_RG_ATF,Haut,728 x 90,Criteo
390264,Trimes,Trimes_728x90_RG_ATF,Haut,728 x 90,Criteo
390412,Handnews,Handnews_300x250_RG_ATF,Haut,300 x 250,Criteo
390450,180 Back,180Back_300x250_RG_ATF,Haut,300 x 250,Criteo
390464,Hockey Hebdo,HockeyHebdo_300x250_RG_ATF,Haut,300 x 250,Criteo
390994,Scorecast,Scorecast_300x250_RG_ATF,Haut,300 x 250,Criteo
391000,Trimes,Trimes_300x250_RG_ATF,Haut,300 x 250,Criteo
481804,Rugby Amateur,RugbyAmateur_728x90_RG_ATF,Haut,728 x 90,Criteo
383689,Mango Surf,MangoSurf_300x250_RG_ATF,Haut,300 x 600,Criteo
388229,Le Rugbynistere,Rugbynistere_300x250_RG_ATF,Haut,300 x 250,Criteo
389606,Le Rugbynistere,Rugbynistere_728x90_RG_ATF,Haut,970 x 250,Criteo
389607,Le Rugbynistere,Rugbynistere_300x250_RG_ATF,Haut,300 x 600,Criteo
390202,Les Violets,AllezTFC_728x90_RG_ATF,Haut,728 x 90,Criteo
390231,Hockey Hebdo,HockeyHebdo_728x90_RG_ATF,Haut,728 x 90,Criteo
390251,Rugby Transferts,RugbyTransferts_728x90_RG_ATF,Haut,728 x 90,Criteo
390256,Scorecast,Scorecast_728x90_RG_ATF,Haut,728 x 90,Criteo
446675,DzFoot,DzFoot_728x90_RG_ATF,Haut,728 x 90,Criteo
474239,Le Rugbynistere,Rugbynistere_300x250_RG_ATF,Haut,300 x 250,Criteo
390254,Rugbyto,Rugbyto_728x90_RG_ATF,Haut,728 x 90,Criteo
390448,Statistiks,Statistiks_300x250_RG_ATF,Haut,300 x 250,Criteo
390752,Cahiers du Football,CahierDuFootball_300x250_RG_ATF,Haut,300 x 250,Criteo
390754,Footito,Footito_300x250_RG_ATF,Haut,300 x 250,Criteo
390991,Rugby Transferts,RugbyTransferts_300x250_RG_ATF,Haut,300 x 250,Criteo
390998,Surf Prevention,SurfPrevention_300x250_RG_ATF,Haut,300 x 250,Criteo
503487,Rugby Amateur,RugbyAmateur_300x250_RG_ATF,Haut,300 x 600,Criteo
390131,Actu Rugby,ActuRugby_728x90_RG_ATF,Haut,728 x 90,Criteo
390221,Footito,Footito_728x90_RG_ATF,Haut,728 x 90,Criteo
390263,Surf Prevention,SurfPrevention_728x90_RG_ATF,Haut,728 x 90,Criteo
390199,180 Back,180Back_728x90_RG_ATF,Haut,728 x 90,Criteo
390440,Les Violets,AllezTFC_300x250_RG_ATF,Haut,300 x 250,Criteo
383686,Mango Surf,MangoSurf_728x90_RG_ATF,Haut,728 x 90,Criteo
446676,DzFoot,DzFoot_300x250_RG_ATF,Haut,300 x 250,Criteo
383690,Mango Surf,MangoSurf_300x250_RG_ATF,Haut,300 x 250,Criteo
9179619802,180 Back,180Back_300x250_RG_ATF,Haut,300 x 250,Google Adsense
6687190140,180 Back,180Back_728x90_RG_ATF,Haut,728 x 90,Google Adsense
1989707405,Actu Rugby,ActuRugby_300x250_RG_ATF,Haut,300 x 250,Google Adsense
7614851409,Actu Rugby,ActuRugby_300x250_RG_ATF,Haut,300 x 250,Google Adsense
9512974205,Actu Rugby,ActuRugby_728x90_RG_ATF,Haut,728 x 90,Google Adsense
7042029007,Actu Rugby,ActuRugby_320x50_MOB_ATF,Haut,320 x 50,Google Adsense
2697287402,Actu Rugby,ActuRugby_300x250_RG_BTF,Bas,300 x 250,Google Adsense
7068611408,Actu Rugby,ActuRugby_300x250_RG_ATF,Haut,300 x 250,Google Adsense
8545344600,Actu Rugby,ActuRugby_728x90_RG_ATF,Haut,728 x 90,Google Adsense
2979391809,Allez Marseille,Allez Marseille_300x250_ATF_RG,Haut,300 x 250,Google Adsense
1502658602,Allez Marseille,Allez Marseille_320x50_ATF_MOB,Haut,320 x 50,Google Adsense
1516762208,Allez Marseille,Allez Marseille_300x250_ATF_RG,Haut,300 x 250,Google Adsense
2912770208,Allez Toulouse,AllezToulouse_300x250_RG_ATF,Haut,300 x 250,Google Adsense
5866236606,Allez Toulouse,AllezToulouse_728x90_RG_ATF,Haut,728 x 90,Google Adsense
3189747006,Cahiers du Football,CahierDuFootball_300x250_RG_ATF,Haut,300 x 250,Google Adsense
2168842209,Cahiers du Football,CahierDuFootball_728x90_RG_ATF,Haut,728 x 90,Google Adsense
1440880204,DzFoot,DzFoot_300x250_RG_ATF,Haut,300 x 250,Google Adsense
6010680608,DzFoot,DzFoot_728x90_RG_ATF,Haut,728 x 90,Google Adsense
2917613400,DzFoot,DzFoot_300x250_RG_BTF,Bas,300 x 250,Google Adsense
4394346604,DzFoot,DzFoot_728x90_RG_BTF,Bas,728 x 90,Google Adsense
1022077801,DzFoot,DzFoot_300x250_RG_ATF,Haut,300 x 250,Google Adsense
2498811009,DzFoot,DzFoot_728x90_RG_ATF,Haut,728 x 90,Google Adsense
8302411809,DzFoot,DzFoot_300x250_RG_ATF,Haut,300 x 250,Google Adsense
1511919008,Football Club de Marseille,FCMarseille_300x250_RG_ATF,Haut,300 x 250,Google Adsense
2988652200,Football Club de Marseille,FCMarseille_320x50_MOB,Haut,320 x 50,Google Adsense
2702241000,Footito,Footito_300x250_RG_ATF,Haut,300 x 250,Google Adsense
4178974201,Footito,Footito_728x90_RG_ATF,Haut,728 x 90,Google Adsense
2883064203,Footpack,Footpack_300x250_ATF_RG,Haut,300 x 250,Google Adsense
4273582201,Footpack,Footpack_320x50_MOB_RG,Haut,320 x 50,Google Adsense
5650753803,Handnews,Handnews_300x250_RG_ATF,Haut,300 x 250,Google Adsense
1161899405,Handnews,Mobile-Handnews-320x50,Haut,320 x 50,Google Adsense
7127487008,Handnews,Handnews_728x90_RG_ATF,Haut,728 x 90,Google Adsense
8604220208,Handnews,Handnews_300x250_RG_BTF,Bas,300 x 250,Google Adsense
1080953403,Handnews,Handnews_728x90_RG_BTF,Bas,728 x 90,Google Adsense
6929010609,Handnews,Handnews_300x250_RG_ATF,Haut,300 x 250,Google Adsense
8405743800,Handnews,Handnews_728x90_RG_ATF,Haut,728 x 90,Google Adsense
6618962836,Hockey Hebdo,HockeyHebdo_300x250_RG_ATF,Haut,300 x 250,Google Adsense
2932543023,Hockey Hebdo,HockeyHebdo_728x90_RG_ATF,Haut,728 x 90,Google Adsense
2545523409,Le Sport Dauphinois,LeSportDauphinois_300x250_ATF_RG,Haut,300 x 250,Google Adsense
9882477008,Les Violets,AllezTFC_300x250_RG_ATF,Haut,300 x 250,Google Adsense
1161678601,Les Violets,AllezTFC_300x250_RG_ATF,Haut,300 x 250,Google Adsense
8684945400,Les Violets,AllezTFC_728x90_RG_ATF,Haut,728 x 90,Google Adsense
2638411805,Les Violets,AllezTFC_728x90_RG_BTF,Bas,728 x 90,Google Adsense
2359210200,Les Violets,AllezTFC_728x90_RG_ATF,Haut,728 x 90,Google Adsense
1499755808,Les Violets,AllezTFC_300x250_RG_ATF,Haut,320 x 50,Google Adsense
4453222202,Les Violets,AllezTFC_320x50_BTF,Bas,320 x 50,Google Adsense
1896598203,Les Violets,AllezTFC_300x250_RG_ATF,Haut,300 x 250,Google Adsense
9469811408,Le Rugbynistere,Rugbynistere_300x250_RG_ATF,Haut,300 x 250,Google Adsense
4115145006,Le Rugbynistere,Rugbynistere_300x250_RG_ATF,Haut,300 x 250,Google Adsense
6516345000,Le Rugbynistere,Rugbynistere_728x90_RG_ATF,Haut,728 x 90,Google Adsense
1292239802,Le Rugbynistere,Rugbynistere_300x250_RG_ATF,Haut,300 x 250,Google Adsense
3800983803,Le Rugbynistere,Rugbynistere_728x90_RG_ATF,Haut,728 x 90,Google Adsense
2768973002,Le Rugbynistere,Rugbynistere_300x250_RG_BTF,Bas,300 x 250,Google Adsense
4245706201,Le Rugbynistere,Rugbynistere_728x90_RG_BTF,Bas,728 x 90,Google Adsense
3423277805,Le Rugbynistere,Rugbynistere_300x250_RG_ATF,Haut,300 x 250,Google Adsense
1946544600,Le Rugbynistere,Rugbynistere_728x90_RG_ATF,Haut,728 x 90,Google Adsense
9779145002,Le Rugbynistere,Rugbynistere_300x250_RG_ATF,Haut,300 x 250,Google Adsense
5277717004,Le Rugbynistere,Rugbynistere_300x250_RG_ATF,Haut,300 x 250,Google Adsense
9786798027,Le Rugbynistere,Rugbynistere_728x90_RG_ATF,Haut,728 x 90,Google Adsense
4118223650,Le Rugbynistere,Rugbynistere_300x250_RG_BTF,Bas,300 x 250,Google Adsense
2175034127,Le Rugbynistere,Rugbynistere_728x90_RG_BTF,Bas,728 x 90,Google Adsense
3845519402,Le Sport Dauphinois,LeSportDauphinois_320x50_MOB_ATF,Haut,320 x 50,Google Adsense
1881642602,Mango Surf,MangoSurf_300x250_RG_ATF,Haut,300 x 250,Google Adsense
9404909403,Mango Surf,MangoSurf_728x90_RG_ATF,Haut,728 x 90,Google Adsense
5651511003,Mango Surf,MangoSurf_320x50_MOB_ATF,Haut,320 x 50,Google Adsense
4330627808,Mercato Football Club,MercatoFC_300x250_RG_BTF,Bas,300 x 250,Google Adsense
4456125003,Nantes Direct,NantesDirect_300x250_ATF_RG,Haut,300 x 250,Google Adsense
5932858204,Nantes Direct,NantesDirect_320x50_ATF_MOB,Haut,320 x 50,Google Adsense
4529104205,Paris Direct,ParisDirect_300x250_RG_ATF,Haut,300 x 250,Google Adsense
9091584608,Paris Direct,ParisDirect_728x90_RG_ATF,Haut,728 x 90,Google Adsense
8959303807,Paris Direct,ParisDirect_300x250_MOB_ATF,Bas,300 x 250,Google Adsense
1436037001,Paris Direct,ParisDirect_728x90_RG_BTF,Bas,728 x 90,Google Adsense
7303467006,Paris Direct,ParisDirect_300x250_RG_ATF,Haut,300 x 250,Google Adsense
4350000605,Paris Direct,ParisDirect_320x50_MOB_ATF,Haut,320 x 50,Google Adsense
9040029009,Paris Direct,ParisDirect_300x250_RG_ATF,Haut,300 x 250,Google Adsense
7563295800,Paris Direct,ParisDirect_320x50_MOB_ATF,Haut,320 x 50,Google Adsense
1063947004,Rugby Amateur,RugbyAmateur_300x250_RG_ATF,Haut,300 x 250,Google Adsense
1085907005,Rugbyto,Rugbyto_728x90_RG_ATF,Haut,728 x 90,Google Adsense
1252547400,Sportune,Sportune_300x250_RG_ATF,Haut,300 x 250,Google Adsense
2339411403,Scorecast,Scorecast_320x100_MOB_ATF,Haut,320 x 50,Google Adsense
2540680206,Rugby Amateur,RugbyAmateur_728x90_RG_BTF,Bas,728 x 90,Google Adsense
2562640206,Scorecast,Scorecast_728x90_RG_ATF,Haut,728 x 90,Google Adsense
2778012606,Rugby Transferts,RugbyTransferts_728x90_RG_ATF,Haut,728 x 90,Google Adsense
3835943408,Rugby Transferts,RugbyTransferts_300x250_RG_ATF,Haut,300 x 250,Google Adsense
3899772600,Trimes,Trimes_300x250_RG_ATF,Haut,300 x 250,Google Adsense
4017413400,Rugby Amateur,RugbyAmateur_300x250_RG_BTF,Bas,300 x 250,Google Adsense
4039373403,Scorecast,Scorecast_300x250_RG_ATF,Haut,300 x 250,Google Adsense
4254745802,Rugby Transferts,RugbyTransferts_300x250_RG_ATF,Haut,300 x 250,Google Adsense
4429503521,Rugby Transferts,RugbyTransferts_300x250_RG_ATF,Haut,300 x 250,Google Adsense
4432019407,Track and Life,TrackAndLife_300x250_ATF_RG,Haut,300 x 250,Google Adsense
5312676608,Rugby Transferts,RugbyTransferts_728x90_RG_ATF,Haut,728 x 90,Google Adsense
5376505803,Trimes,Trimes_728x90_RG_ATF,Haut,728 x 90,Google Adsense
5494146609,Rugby Amateur,RugbyAmateur_728x90_RG_ATF-header,Haut,728 x 90,Google Adsense
5645736606,Statistiks,Statistiks_728x90_RG_ATF,Haut,728 x 90,Google Adsense
5731479001,Rugby Transferts,RugbyTransferts_300x250_RG_BTF,Bas,300 x 250,Google Adsense
5908752602,Track and Life,TrackAndLife_728x90_ATF_RG,Haut,728 x 90,Google Adsense
6970879800,Rugby Amateur,RugbyAmateur_300x250_RG_BTF-footer,Bas,300 x 250,Google Adsense
7208212205,Rugby Transferts,RugbyTransferts_728x90_RG_BTF,Bas,728 x 90,Google Adsense
7347813009,Sportune,Sportune_728x90_RG_ATF,Haut,728 x 90,Google Adsense
7698053405,Scorecast,Scorecast_230x50_RG_ATF,Haut,230 x 50,Google Adsense
7923048606,Statistiks,Statistiks_300x250_RG_ATF,Haut,300 x 250,Google Adsense
8469573007,Sportune,Sportune_300x250_RG_ATF,Haut,300 x 250,Google Adsense
8775814208,Sportune,Sportune_728x90_RG_ATF,Haut,728 x 90,Google Adsense
8824546201,Sportune,Sportune_300x250_RG_ATF,Haut,300 x 250,Google Adsense
9946306200,Sportune,Sportune_728x90_RG_ATF,Haut,728 x 90,Google Adsense
2508923409,Track and Life,TrackAndLife_300x250_ATF_RG-MOB,Haut,300 x 250,Google Adsense
2993495406,Allez Toulouse,AllezToulouse_320x50_ATF_RG-MOB,Haut,320 x 50,Google Adsense
3985656608,Track and Life,TrackAndLife_320x50_ATF_RG-MOB,Haut,320 x 50,Google Adsense
5842983006,Rugby Transferts,RugbyTransferts_320x50_ATF_RG-MOB,Haut,320 x 50,Google Adsense
8796449404,Rugby Transferts,RugbyTransferts_300x250_ATF_RG-MOB,Haut,300 x 250,Google Adsense
391854-10,180 Back,180Back_300x250_RG_ATF,Haut,300 x 600,Rubicon
391854-15,180 Back,180Back_300x250_RG_ATF,Haut,300 x 250,Rubicon
392902-10,Les Violets,AllezTFC_300x250_RG_ATF,Haut,300 x 600,Rubicon
394166-10,Hockey Hebdo,HockeyHebdo_300x250_RG_BTF,Haut,300 x 600,Rubicon
394466-101,Le Rugbynistere,Rugbynistere_1x1_RG_ATF-MOB,Haut,1 x 1,Rubicon
420446-43,FFTT,FFTT_320x50_RG_ATF-MOB,Haut,320 x 50,Rubicon
595704-10,180 Back,180Back_300x250_RG_ATF,Haut,300 x 600,Rubicon
595704-15,180 Back,180Back_300x250_RG_ATF,Haut,300 x 250,Rubicon
595704-2,180 Back,180Back_728x90_RG_ATF,Haut,728 x 90,Rubicon
595704-57,180 Back,180Back_728x90_RG_ATF,Haut,970 x 250,Rubicon
598040-117,Rugby Transferts,RugbyTransferts_320x50_ATF_RG-MOB,Haut,320 x 50,Rubicon
598040-15,Rugby Transferts,RugbyTransferts_300x250_ATF_RG-MOB,Haut,300 x 250,Rubicon
598040-43,Rugby Transferts,RugbyTransferts_320x50_ATF_RG-MOB,Haut,320 x 100,Rubicon
616554-43,Le Rugbynistere,Rugbynistere_320x50_RG_BTF-MOB,Bas,320 x 50,Rubicon
616768-15,Le Rugbynistere,Rugbynistere_300x250_HP1_ATF-MOB,Bas,300 x 250,Rubicon
616770-15,Le Rugbynistere,Rugbynistere_300x250_HP2_ATF-MOB,Bas,300 x 250,Rubicon
616772-15,Le Rugbynistere,Rugbynistere_300x250_HP3_ATF-MOB,Bas,300 x 250,Rubicon
456346-10,Track And Life,TrackAndLife_300x250_ATF_RG,Haut,300 x 600,Rubicon
456346-57,Track And Life,TrackAndLife_728x90_ATF_RG,Haut,970 x 250,Rubicon
456350-15,Track And Life,TrackAndLife_300x250_ATF_RG-MOB,Haut,300 x 250,Rubicon
456350-43,Track And Life,TrackAndLife_320x50_ATF_RG-MOB,Haut,320 x 50,Rubicon
460246-15,Footpack,Footpack_300x250_ATF_RG,Haut,300 x 250,Rubicon
484786-117,Les Violets,Lesviolets_320x50_ATF_RG-MOB,Haut,320 x 100,Rubicon
523402-15,Allez Marseille,Allez Marseille_300x250_ATF_RG,Haut,300 x 250,Rubicon
523402-2,Allez Marseille,Allez Marseille_728x90_ATF_RG,Haut,728 x 90,Rubicon
569746-10,Plongeur,Plongeur_300x250_ATF_RG,Haut,300 x 600,Rubicon
569746-15,Plongeur,Plongeur_300x250_ATF_RG,Haut,300 x 250,Rubicon
569746-2,Plongeur,Plongeur_728x90_ATF_RG,Haut,728 x 90,Rubicon
569746-55,Plongeur,Plongeur_728x90_ATF_RG,Haut,970 x 90,Rubicon
569748-15,Plongeur,Plongeur_300x250_BTF_RG,Bas,300 x 250,Rubicon
569748-2,Plongeur,Plongeur_728x90_BTF_RG,Bas,728 x 90,Rubicon
571454-43,Plongeur,Plongeur_320x50_ATF_RG-MOB,Haut,320 x 50,Rubicon
571460-15,Plongeur,Plongeur_300x250_ATF_RG-MOB,Bas,300 x 250,Rubicon
571460-43,Plongeur,Plongeur_320x50_BTF_RG-MOB,Bas,320 x 50,Rubicon
587624-10,DzFoot,DzFoot_300x250_RG_ATF,Haut,300 x 600,Rubicon
587624-15,DzFoot,DzFoot_300x250_RG_ATF,Haut,300 x 250,Rubicon
591326-15,Track And Life,TrackAndLife_300x250_BTF_RG,Bas,300 x 250,Rubicon
591326-2,Track And Life,TrackAndLife_728x90_BTF_RG,Bas,728 x 90,Rubicon
595706-10,Actu Rugby,ActuRugby_300x250_ATF_RG,Haut,300 x 600,Rubicon
595706-2,Actu Rugby,ActuRugby_728x90_ATF_RG,Haut,728 x 90,Rubicon
595706-57,Actu Rugby,ActuRugby_728x90_ATF_RG,Haut,970 x 250,Rubicon
686600-15,French Blues,FrenchBlues_300x250_RG_ATF,Haut,300 x 250,Rubicon
686610-15,French Blues,FrenchBlues_300x250_RG_ATF-MOB,Haut,300 x 250,Rubicon
684380-15,Real France,RealFrance_300x250_ATF_RG-MOB,Bas,300 x 250,Rubicon
686602-15,French Blues,FrenchBlues_300x250_RG_BTF,Bas,300 x 250,Rubicon
686612-15,French Blues,FrenchBlues_300x250_RG_BTF-MOB,Bas,300 x 250,Rubicon
2997471007,Surf Prevention,SurfPrevention_728x90_RG_ATF,Haut,728 x 90,Google Adsense
3106008607,AdMySports,AdMySports,Haut,1 x 1,Google Adsense
3709468206,Sportune,Sportune_300x250_RG_ATF-MOB,Haut,300 x 250,Google Adsense
4474204204,Surf Prevention,SurfPrevention_300x250_RG_ATF,Haut,300 x 250,Google Adsense
4582741805,AdMySports,AdMySports,Haut,1 x 1,Google Adsense
4812281404,AdMySports,AdMySports,Haut,1 x 1,Google Adsense
5186201403,Sportune,Sportune_320x50_RG_ATF-MOB,Haut,320 x 50,Google Adsense
5970988208,AdMySports,AdMySports,Haut,1 x 1,Google Adsense
7110480605,Rugby Amateur,RugbyAmateur_728x90_ATF_RG,Haut,728 x 90,Google Adsense
7389461407,Plongeur,Plongeur_320x50_ATF_RG-MOB,Haut,320 x 50,Google Adsense
7433491808,Le Rugbynistere,Lerugbynistere_320x50_ATF_RG-MOB,Haut,320 x 50,Google Adsense
7447721407,AdMySports,AdMySports,Haut,1 x 1,Google Adsense
8580240603,AdMySports,AdMySports,Haut,1 x 1,Google Adsense
8587213803,Rugby Amateur,RugbyAmateur_728x90_ATF_RG,Haut,728 x 90,Google Adsense
8807319008,Plongeur,Plongeur_300x250_BTF_RG-MOB,Bas,300 x 250,Google Adsense
8866194608,Plongeur,Plongeur_320x50_BTF_RG-MOB,Bas,320 x 50,Google Adsense
8900428206,Mercato Football Club,MercatoFC_300x250_ATF_RG,Haut,300 x 250,Google Adsense
3779213406,Les Violets,AllezTFC_300x250_RG_ATF,Haut,300 x 250,Google Adsense
6872280602,Rugby Amateur,RugbyAmateur_300x250_RG_ATF,Haut,300 x 250,Google Adsense
6732679805,Les Violets,AllezTFC_320x50_RG_ATF,Haut,320 x 50,Google Adsense
9686146204,Les Violets,AllezTFC_728x90_RG_ATF,Haut,728 x 90,Google Adsense
T-01,Les Violets,LesViolets_reco-contenu_ATF,Haut,Recommendations Contenu,Taboola
T-02,Hockey Hebdo,HockeyHebdo_reco-contenu_ATF,Haut,Recommendations Contenu,Taboola
T-03,Allez Toulouse,AllezToulouse_reco-contenu_ATF,Haut,Recommendations Contenu,Taboola
T-04,Allez Lyon,AllezLyon_reco-contenu_ATF,Haut,Recommendations Contenu,Taboola
T-05,Paris Direct,ParisDirect_reco-contenu_ATF,Haut,Recommendations Contenu,Taboola
TF-CA-300-AR-ATF,Actu Rugby,ActuRugby_300x250_RG_ATF,Haut,300 x 250,Tribal Fusion
TF-CA-300-AR-BTF,Actu Rugby,ActuRugby_300x250_RG_BTF,Bas,300 x 250,Tribal Fusion
TF-CA-300-LV-ATF,Les Violets,AllezTFC_300x250_RG_ATF,Haut,300 x 250,Tribal Fusion
TF-CA-300-CDF-ATF,Cahiers du Football,CahierDuFootball_300x250_RG_ATF,Haut,300 x 250,Tribal Fusion
TF-CA-300-CDF-BTF,Cahiers du Football,CahierDuFootball_300x250_RG_BTF,Bas,300 x 250,Tribal Fusion
TF-CA-300-Foo-ATF,Footito,Footito_300x250_RG_ATF,Haut,300 x 250,Tribal Fusion
TF-CA-300-HN-ATF,Handnews,Handnews_300x250_RG_ATF,Haut,300 x 250,Tribal Fusion
TF-CA-300-HN-BTF,Handnews,Handnews_300x250_RG_BTF,Bas,300 x 250,Tribal Fusion
TF-CA-300-HH-BTF-2,Hockey Hebdo,HockeyHebdo_300x250_RG_2_BTF,Bas,300 x 250,Tribal Fusion
TF-CA-300-HH-ATF,Hockey Hebdo,HockeyHebdo_300x250_RG_ATF,Haut,300 x 250,Tribal Fusion
TF-CA-300-HH-BTF,Hockey Hebdo,HockeyHebdo_300x250_RG_BTF,Bas,300 x 250,Tribal Fusion
TF-CA-300-RXV-ATF,Rencontre a XV,RencontresAXV_300x250_RG_ATF,Haut,300 x 250,Tribal Fusion
TF-CA-300-LRN-ATF,Le Rugbynistere,Rugbynistere_300x250_RG_ATF,Haut,300 x 250,Tribal Fusion
TF-CA-300-LRN-BTF,Le Rugbynistere,Rugbynistere_300x250_RG_BTF,Bas,300 x 250,Tribal Fusion
TF-CA-300-RUT-ATF,Rugby Transferts,RugbyTransferts_300x250_RG_ATF,Haut,300 x 250,Tribal Fusion
TF-CA-300-RUT-BTF,Rugby Transferts,RugbyTransferts_300x250_RG_BTF,Bas,300 x 250,Tribal Fusion
TF-CA-300-SPT-BTF,Sportune,Sportune_300x250_RG_BTF,Bas,300 x 250,Tribal Fusion
TF-CA-300-SPT-ATF,Sportune,Statistiks_300x250_RG_ATF,Haut,300 x 250,Tribal Fusion
TF-CA-300-UTRAIL-ATF,Utrail,UTrail_300x250_RG_ATF,Haut,300 x 250,Tribal Fusion
TF-CA-728-AR-ATF,Actu Rugby,ActuRugby_728x90_RG_ATF,Haut,728 x 90,Tribal Fusion
TF-CA-728-LV-ATF,Les Violets,AllezTFC_728x90_RG_ATF,Haut,728 x 90,Tribal Fusion
TF-CA-728-LV-BTF,Les Violets,AllezTFC_728x90_RG_BTF,Bas,728 x 90,Tribal Fusion
TF-CA-728-AS-ATF,Allo Surf,AlloSurf_728x90_RG_ATF,Haut,728 x 90,Tribal Fusion
TF-CA-728-CDF-ATF,Cahiers du Football,CahierDuFootball_728x90_RG_ATF,Haut,728 x 90,Tribal Fusion
TF-CA-728-Foo-ATF,Footito,Footito_728x90_RG_ATF,Haut,728 x 90,Tribal Fusion
TF-CA-728-HN-ATF,Handnews,Handnews_728x90_RG_ATF,Haut,728 x 90,Tribal Fusion
TF-CA-728-HN-BTF,Handnews,Handnews_728x90_RG_BTF,Bas,728 x 90,Tribal Fusion
TF-CA-728-HH-ATF,Hockey Hebdo,HockeyHebdo_728x90_RG_ATF,Haut,728 x 90,Tribal Fusion
TF-CA-728-HH-BTF,Hockey Hebdo,HockeyHebdo_728x90_RG_BTF,Bas,728 x 90,Tribal Fusion
TF-CA-728-RXV-ATF,Rencontre a XV,RencontresAXV_728x90_RG_ATF,Haut,728 x 90,Tribal Fusion
TF-CA-728-LRN-ATF,Le Rugbynistere,Rugbynistere_728x90_RG_ATF,Haut,728 x 90,Tribal Fusion
TF-CA-728-RUT-ATF,Rugby Transferts,RugbyTransferts_728x90_RG_ATF,Haut,728 x 90,Tribal Fusion
TF-CA-728-RUT-BTF,Rugby Transferts,RugbyTransferts_728x90_RG_BTF,Bas,728 x 90,Tribal Fusion
TF-CA-728-SPT-ATF,Sportune,Sportune_728x90_RG_ATF,Haut,728 x 90,Tribal Fusion
TF-CA-728-STA-ATF,Statistiks,Statistiks_728x90_RG_ATF,Haut,728 x 90,Tribal Fusion
TF-CA-728-TRI-ATF,Trimes,Trimes_728x90_RG_ATF,Haut,728 x 90,Tribal Fusion
TF-300-DZ-ATF,DzFoot,DZFoot_300x250_ATF,Haut,300 x 250,Tribal Fusion
TF-300-DZ-BTF,DzFoot,DZFoot_300x250_BTF,Bas,300 x 250,Tribal Fusion
TF-728-DZ-ATF,DzFoot,DZFoot_728x90_ATF,Haut,728 x 90,Tribal Fusion
TF-728-DZ-BTF,DzFoot,DZFoot_728x90_BTF,Bas,728 x 90,Tribal Fusion
TF-300-LRN-ATF,Le Rugbynistere,Rugbynistere_300x250_RG_ATF,Haut,300 x 250,Tribal Fusion
TF-300-LRN-BTF,Le Rugbynistere,Rugbynistere_300x250_RG_BTF,Bas,300 x 250,Tribal Fusion
TF-728-LRN-ATF,Le Rugbynistere,Rugbynistere_728x90_RG_ATF,Haut,728 x 90,Tribal Fusion
TF-728-LRN-BTF,Le Rugbynistere,Rugbynistere_728x90_RG_BTF,Bas,728 x 90,Tribal Fusion
TF-300-PQT-ATF,Parce Que Toulon,ParceQueToulon_300x250_RG_ATF,Haut,300 x 250,Tribal Fusion
TF-300-PLG-BTF,Plongeur,PB-300x250,Bas,300 x 250,Tribal Fusion
TF-300-AR-ATF,Actu Rugby,ActuRugby_300x250_RG_ATF,Haut,300 x 250,Tribal Fusion
TF-300-AR-BTF,Actu Rugby,ActuRugby_300x250_RG_BTF,Bas,300 x 250,Tribal Fusion
TF-300-LV-ATF,Les Violets,AllezTFC_300x250_RG_ATF,Haut,300 x 250,Tribal Fusion
TF-300-CDF-ATF,Cahiers du Football,CahierDuFootball_300x250_RG_ATF,Haut,300 x 250,Tribal Fusion
TF-300-CDF-BTF,Cahiers du Football,CahierDuFootball_300x250_RG_BTF,Bas,300 x 250,Tribal Fusion
TF-300-Foo-ATF,Footito,Footito_300x250_RG_ATF,Haut,300 x 250,Tribal Fusion
TF-300-HN-ATF,Handnews,Handnews_300x250_RG_ATF,Haut,300 x 250,Tribal Fusion
TF-300-HN-BTF,Handnews,Handnews_300x250_RG_BTF,Bas,300 x 250,Tribal Fusion
TF-300-HH-ATF,Hockey Hebdo,HockeyHebdo_300x250_RG_ATF,Haut,300 x 250,Tribal Fusion
TF-300-HH-BTF,Hockey Hebdo,HockeyHebdo_300x250_RG_BTF,Bas,300 x 250,Tribal Fusion
TF-300-MS-ATF,Mango Surf,MangoSurf_300x250_RG_ATF,Haut,300 x 250,Tribal Fusion
TF-300-RUT-ATF,Rugby Transferts,RugbyTransferts_300x250_RG_ATF,Haut,300 x 250,Tribal Fusion
TF-300-RUT-BTF,Rugby Transferts,RugbyTransferts_300x250_RG_BTF,Bas,300 x 250,Tribal Fusion
TF-300-Stat-ATF,Statistiks,Statistiks_300x250_RG_ATF,Haut,300 x 250,Tribal Fusion
TF-728-PLG-BTF,Plongeur,PB-728x90,Bas,728 x 90,Tribal Fusion
TF-728-AR-ATF,Actu Rugby,ActuRugby_728x90_RG_ATF,Haut,728 x 90,Tribal Fusion
TF-728-LV-ATF,Les Violets,AllezTFC_728x90_RG_ATF,Haut,728 x 90,Tribal Fusion
TF-728-LV-BTF,Les Violets,AllezTFC_728x90_RG_BTF,Bas,728 x 90,Tribal Fusion
TF-728-CDF-ATF,Cahiers du Football,CahierDuFootball_728x90_RG_ATF,Haut,728 x 90,Tribal Fusion
TF-728-Foo-ATF,Footito,Footito_728x90_RG_ATF,Haut,728 x 90,Tribal Fusion
TF-728-HN-ATF,Handnews,Handnews_728x90_RG_ATF,Haut,728 x 90,Tribal Fusion
TF-728-HN-BTF,Handnews,Handnews_728x90_RG_BTF,Bas,728 x 90,Tribal Fusion
TF-728-HH-ATF,Hockey Hebdo,HockeyHebdo_728x90_RG_ATF,Haut,728 x 90,Tribal Fusion
TF-728-HH-BTF,Hockey Hebdo,HockeyHebdo_728x90_RG_BTF,Bas,728 x 90,Tribal Fusion
TF-728-MS-ATF,Mango Surf,MangoSurf_728x90_RG_ATF,Haut,728 x 90,Tribal Fusion
TF-728-RUG-ATF,Rugbyto,Rugbyto_728x90_RG_ATF,Haut,728 x 90,Tribal Fusion
TF-728-RUT-ATF,Rugby Transferts,RugbyTransferts_728x90_RG_ATF,Haut,728 x 90,Tribal Fusion
TF-728-RUT-BTF,Rugby Transferts,RugbyTransferts_728x90_RG_BTF,Bas,728 x 90,Tribal Fusion
TF-728-SPT-ATF,Sportune,Sportune_728x90_RG_ATF,Haut,728 x 90,Tribal Fusion
TF-728-Stat-ATF,Statistiks,Scorecast_728x90_RG_ATF,Haut,728 x 90,Tribal Fusion
TF-728-TAL-ATF,Track And Life,TrackandLife_728x90_ATF,Haut,728 x 90,Tribal Fusion
TF-728-TRI-ATF,Trimes,Trimes_728x90_RG_ATF,Haut,728 x 90,Tribal Fusion
A-SPT-InRead-Desk,Sportune,Sportune_InRead_RG_ATF,Haut,InRead,Adikteev
A-SC-InRead-Desk,ScoreCast,Scorecast_InRead_RG_ATF,Haut,InRead,Adikteev
A-LRN-InRead-Desk,Le Rugbynistere,LeRugbynistere_InRead_RG_ATF,Haut,InRead,Adikteev
A-DZ-InRead-Desk,DzFoot,DzFoot_InRead_RG_ATF,Haut,InRead,Adikteev
A-AR-InRead-Desk,Actu Rugby,ActuRugby_InRead_RG_ATF,Haut,InRead,Adikteev
A-RUT-InRead-Desk,Rugby Transferts,RugbyTransferts_InRead_RG_ATF,Haut,InRead,Adikteev
A-LRN-InRead-Mob,Le Rugbynistere,LeRugbynistere_InRead_RG_ATF-MOB,Haut,InRead,Adikteev
WS-320x50_LRN,Le Rugbynistere,LeRugbynistere_320x50_ATF-MOB,Haut,320 x 50,WideSpace
WS-320x480_LRN,Le Rugbynistere,LeRugbynistere_320x480_ATF-MOB,Haut,320 x 480,WideSpace
WS-320x50_AR,Actu Rugby,ActuRugby_320x50_ATF-MOB,Haut,320 x 50,WideSpace
WS-320x480_AR,Actu Rugby,ActuRugby_320x480_ATF-MOB,Haut,320 x 480,WideSpace
WS-320x50_SC,ScoreCast,ScoreCast_320x50_ATF-MOB,Haut,320 x 50,WideSpace
WS-320x480_DZ,DzFoot,DzFoot_320x480_ATF-MOB,Haut,320 x 480,WideSpace
WS-320x50_DZ,DzFoot,DzFoot_320x50_ATF-MOB,Haut,320 x 50,WideSpace
WS-320x50_LV,Les Violets,LesViolets_320x50_ATF-MOB,Haut,320 x 50,WideSpace
WS-320x50_LRN-2,Le Rugbynistere,LeRugbynistere_320x50_ATF-MOB,Haut,320 x 50,WideSpace
P-AR-728,Actu Rugby,ActuRugby_728x90_RG_ATF,Haut,728 x 90,Piximedia
P-CDF-728,Cahiers du Football,CahierDuFootball_728x90_RG_ATF,Haut,728 x 90,Piximedia
P-DZ-728,DzFoot,DzFoot_728x90_RG_ATF,Haut,728 x 90,Piximedia
P-Foo-728,Footito,Footito_728x90_RG_ATF,Haut,728 x 90,Piximedia
P-HJ-728,Hors Jeu,HorsJeu_728x90_RG_ATF,Haut,728 x 90,Piximedia
P-LRN-728,Le Rugbynistere,Rugbynistere_728x90_RG_ATF,Haut,728 x 90,Piximedia
P-LV-728,Les Violets,AllezTFC_728x90_RG_ATF,Haut,728 x 90,Piximedia
P-RUT-728,Rugby Transferts,RugbyTransferts_728x90_RG_ATF,Haut,728 x 90,Piximedia
P-SC-728,ScoreCast,Scorecast_728x90_RG_ATF,Haut,728 x 90,Piximedia
P-SPT-728,Sportune,Sportune_728x90_RG_ATF,Haut,728 x 90,Piximedia
P-STA-728,Statistiks,Statistiks_728x90_RG_ATF,Haut,728 x 90,Piximedia
P-TRI-728,Trimes,Trimes_728x90_RG_ATF,Haut,728 x 90,Piximedia
P-AR-300,Actu Rugby,ActuRugby_300x250_RG_ATF,Haut,300 x 250,Piximedia
P-CDF-300,Cahiers du Football,CahierDuFootball_300x250_RG_ATF,Haut,300 x 250,Piximedia
P-DZ-300,DzFoot,DzFoot_300x250_RG_ATF,Haut,300 x 250,Piximedia
P-Foo-300,Footito,Footito_300x250_RG_ATF,Haut,300 x 250,Piximedia
P-HJ-300,Hors Jeu,HorsJeu_300x250_RG_ATF,Haut,300 x 250,Piximedia
P-LRN-300,Le Rugbynistere,Rugbynistere_300x250_RG_ATF,Haut,300 x 250,Piximedia
P-LV-300,Les Violets,AllezTFC_300x250_RG_ATF,Haut,300 x 250,Piximedia
P-RUT-300,Rugby Transferts,RugbyTransferts_300x250_RG_ATF,Haut,300 x 250,Piximedia
P-SC-300,ScoreCast,Scorecast_300x250_RG_ATF,Haut,300 x 250,Piximedia
P-SPT-300,Sportune,Sportune_300x250_RG_ATF,Haut,300 x 250,Piximedia
P-STA-300,Statistiks,Statistiks_300x250_RG_ATF,Haut,300 x 250,Piximedia
P-TRI-300,Trimes,Trimes_300x250_RG_ATF,Haut,300 x 250,Piximedia
P-AR-1x1,Actu Rugby,ActuRugby_1x1_RG_ATF,Haut,1 x 1,Piximedia
P-CDF-1x1,Cahiers du Football,CahierDuFootball_Habillage_RG_ATF,Haut,1 x 1,Piximedia
P-DZ-1x1,DzFoot,DzFoot_1x1_habillage_RG_ATF,Haut,1 x 1,Piximedia
P-Foo-1x1,Footito,Footito_1x1_RG_ATF,Haut,1 x 1,Piximedia
P-HJ-1x1,Hors Jeu,HorsJeu_1x1_RG_ATF,Haut,1 x 1,Piximedia
P-LRN-1x1,Le Rugbynistere,Rugbynistere_Habillage_RG_ATF,Haut,1 x 1,Piximedia
P-LV-1x1,Les Violets,AllezTFC_Habillage_RG_ATF,Haut,1600 x 1000,Piximedia
P-RUT-1x1,Rugby Transferts,RugbyTransferts_Habillage_RG_ATF,Haut,1 x 1,Piximedia
P-SC-1x1,ScoreCast,Scorecast_habillage_1x1_RG_ATF,Haut,1 x 1,Piximedia
P-SPT-1x1,Sportune,Sportune_Habillage_RG_ATF,Haut,1 x 1,Piximedia
P-STA-1x1,Statistiks,Statistiks_1x1_RG_ATF,Haut,1 x 1,Piximedia
P-TRI-1x1,Trimes,Trimes_1x1_RG_ATF,Haut,1 x 1,Piximedia
SAS-123317-38231-45838-300*250,Sportune,Sportune_300x250_RG_ATF,Haut,300 x 250,SmartAdserver
SAS-123317-38231-45838-300*600,Sportune,Sportune_300x250_RG_ATF,Haut,300 x 600,SmartAdserver
SAS-123317-38231-45846-728*90,Sportune,Sportune_728x90_RG_ATF,Haut,728 x 90,SmartAdserver
SAS-123317-38231-45846-970*250,Sportune,Sportune_728x90_RG_ATF,Haut,970 x 250,SmartAdserver
SAS-123317-38231-45846-1000*90,Sportune,Sportune_728x90_RG_ATF,Haut,1000 x 90,SmartAdserver
SAS-123317-38231-45838-300*250,Sportune,Sportune_300x250_RG_ATF,Haut,300 x 250,SmartAdserver
SAS-123317-56033-46034-1800*1000,Sportune,Sportune_Habillage_RG_ATF,Haut,1600 x 1000,SmartAdserver
SAS-123317-31801-46454-320*50,Sportune,Sportune_320x50_RG_ATF-MOB,Haut,320 x 50,SmartAdserver
SAS-123317-31801-46454-320*100,Sportune,Sportune_320x50_RG_ATF-MOB,Haut,320*100,SmartAdserver
SAS-123511-38231-45838-300*250,ScoreCast,Scorecast_300x250_RG_ATF,Haut,300 x 250,SmartAdserver
SAS-123511-38231-45838-300*600,ScoreCast,Scorecast_300x250_RG_ATF,Haut,300 x 600,SmartAdserver
SAS-123511-38231-45846-728*90,ScoreCast,Scorecast_728x90_RG_ATF,Haut,728 x 90,SmartAdserver
SAS-123511-38231-45846-970*250,ScoreCast,Scorecast_728x90_RG_ATF,Haut,970 x 250,SmartAdserver
SAS-123511-38231-45846-1000*90,ScoreCast,Scorecast_728x90_RG_ATF,Haut,1000 x 90,SmartAdserver
SAS-123991-38231-45838-300*250,Statistiks,Statistiks_300x250_RG_ATF,Haut,300 x 250,SmartAdserver
SAS-123991-38231-45838-300*600,Statistiks,Statistiks_300x250_RG_ATF,Haut,300 x 600,SmartAdserver
SAS-123991-38231-45846-728*90,Statistiks,Statistiks_728x90_RG_ATF,Haut,728 x 90,SmartAdserver
SAS-123991-38231-45846-970*250,Statistiks,Statistiks_728x90_RG_ATF,Haut,970 x 250,SmartAdserver
SAS-123991-38231-45846-1000*90,Statistiks,Statistiks_728x90_RG_ATF,Haut,1000 x 90,SmartAdserver
SAS-123991-38231-46455-120*600,Statistiks,Statistiks_160x600_RG_ATF,Haut,120 x 600,SmartAdserver
SAS-123991-38231-46455-160*600,Statistiks,Statistiks_160x600_RG_ATF,Haut,160 x 600,SmartAdserver
SAS-132881-38231-45838-300*250,Paris Direct,ParisDirect_300x250_RG_ATF,Haut,300 x 250,SmartAdserver
SAS-132881-38231-45838-300*600,Paris Direct,ParisDirect_300x250_RG_ATF,Haut,300 x 600,SmartAdserver
SAS-132881-38231-45838-300*250,Paris Direct,ParisDirect_300x250_RG_ATF,Haut,300 x 250,SmartAdserver
SAS-132881-31801-46454-320*50,Paris Direct,ParisDirect_320x50_RG_ATF,Haut,320 x 50,SmartAdserver
SAS-132881-38231-45846-728*90,Paris Direct,ParisDirect_728x90_RG_ATF,Haut,728 x 90,SmartAdserver
SAS-133011-38231-45846-728*90,Le Rugbynistere,Rugbynistere_728x90_RG_ATF,Haut,728 x 90,SmartAdserver
SAS-133011-38231-45846-970*250,Le Rugbynistere,Rugbynistere_728x90_RG_ATF,Haut,970 x 250,SmartAdserver
SAS-133011-38231-45846-1000*90,Le Rugbynistere,Rugbynistere_728x90_RG_ATF,Haut,1000 x 90,SmartAdserver
SAS-133011-38231-45838-300*250,Le Rugbynistere,Rugbynistere_300x250_RG_ATF,Haut,300 x 250,SmartAdserver
SAS-133011-71573-45979-320*480,Le Rugbynistere,Rugbynistere_300x250_RG_ATF,Haut,320 x 480,SmartAdserver
SAS-154352-71573-45979-320*480,DzFoot,DzFoot_320x50_RG_MOB,Haut,320 x 480,SmartAdserver
SAS-154405-71573-45979-320*480,Rugby Transferts,RugbyTransferts_320x50_ATF_RG-MOB,Haut,320 x 480,SmartAdserver
AD6-LRN,Le Rugbynistere,Rugbynistere_320x50_MOB_ATF,Bas,Footer,AD6
AD6-DZ,DzFoot,DzFoot_1x1_RichMedia_RG_ATF,Bas,Footer,AD6
AD6-RUT,Rugby Transferts,RugbyTransferts_Habillage_RG_ATF,Bas,Footer,AD6
AD6-SPT,Sportune,Sportune_Habillage_RG_ATF,Bas,Footer,AD6
AD6-STA,Statistiks,Statistiks_1x1_RG_ATF,Bas,Footer,AD6
AYL-DZ,DzFoot,DzFoot_1x1_Native_RG_ATF,Article,Native,AdYouLike
AYL-desk-hp-DZ,DzFoot,DzFoot_1x1_Native_RG_ATF,Article,Native,AdYouLike
AYL-desk-article-DZ,DzFoot,DzFoot_1x1_Native_RG_ATF,Article,Native,AdYouLike
AYL-desk-cat-DZ,DzFoot,DzFoot_1x1_Native_RG_ATF,Article,Native,AdYouLike
AYL-Mob-hp-DZ,DzFoot,DzFoot_1x1_Native_RG_ATF,Article,Native,AdYouLike
AYL-Mob-article-DZ,DzFoot,DzFoot_1x1_Native_RG_ATF,Article,Native,AdYouLike
AYL-Mob-cat-DZ,DzFoot,DzFoot_1x1_Native_RG_ATF,Article,Native,AdYouLike
AYL-Tab-hp-DZ,DzFoot,DzFoot_1x1_Native_RG_ATF,Article,Native,AdYouLike
AYL-Tab-article-DZ,DzFoot,DzFoot_1x1_Native_RG_ATF,Article,Native,AdYouLike
AYL-Tab-cat-DZ,DzFoot,DzFoot_1x1_Native_RG_ATF,Article,Native,AdYouLike
AYL-desk-hp-LRN,Le Rugbynistere,Rugbynistere_native_RG_ATF,Article,Native,AdYouLike
AYL-Mob-hp-LRN,Le Rugbynistere,Rugbynistere_native_RG_ATF,Article,Native,AdYouLike
AYL-Mob-article-LRN,Le Rugbynistere,Rugbynistere_native_RG_ATF,Article,Native,AdYouLike
AYL-Tab-article-LRN,Le Rugbynistere,Rugbynistere_native_RG_ATF,Article,Native,AdYouLike
AYL-Tab-hp-LRN,Le Rugbynistere,Rugbynistere_native_RG_ATF,Article,Native,AdYouLike
AYL-desk-article-SPT,Sportune,Sportune_Native_RG_ATF,Article,Native,AdYouLike
AYL-desk-cat-SPT,Sportune,Sportune_Native_RG_ATF,Article,Native,AdYouLike
AYL-desk-hp-SPT,Sportune,Sportune_Native_RG_ATF,Article,Native,AdYouLike
AYL-Mob-article-SPT,Sportune,Sportune_Native_RG_ATF,Article,Native,AdYouLike
AYL-Mob-cat-SPT,Sportune,Sportune_Native_RG_ATF,Article,Native,AdYouLike
AYL-Mob-hp-SPT,Sportune,Sportune_Native_RG_ATF,Article,Native,AdYouLike
AYL-Tab-article-SPT,Sportune,Sportune_Native_RG_ATF,Article,Native,AdYouLike
AYL-Tab-hp-SPT,Sportune,Sportune_Native_RG_ATF,Article,Native,AdYouLike
AYL-Tab-cat-SPT,Sportune,Sportune_Native_RG_ATF,Article,Native,AdYouLike
AYL-Mob-article-LV,Les Violets,AllezTFC_Native_RG_ATF,Article,Native,AdYouLike
AYL-Mob-hp-LV,Les Violets,AllezTFC_Native_RG_ATF,Article,Native,AdYouLike
AYL-Tab-article-LV,Les Violets,AllezTFC_Native_RG_ATF,Article,Native,AdYouLike
AYL-Tab-hp-LV,Les Violets,AllezTFC_Native_RG_ATF,Article,Native,AdYouLike
AYL-desk-hp-LV,Les Violets,AllezTFC_Native_RG_ATF,Article,Native,AdYouLike
392926-15,Les Violets,LesViolets_300x250_BTF_RG,Bas,300 x 250,Rubicon
395364-15,Mango Surf,MangoSurf_300x250_ATF_RG,Haut,300 x 250,Rubicon
486650-15,Les Violets,LesViolets_300x250_BTF_RG-MOB,Bas,300 x 250,Rubicon
703820-2,Mango Surf,MangoSurf_728x90_ATF_RG,Bas,728 x 90,Rubicon
703820-57,Mango Surf,MangoSurf_728x90_ATF_RG,Bas,970 x 250,Rubicon
705016-10,Les Violets,LesViolets_300x250_STF_RG,Milieu,300 x 600,Rubicon
705016-15,Les Violets,LesViolets_300x250_STF_RG,Milieu,300 x 250,Rubicon
705016-2,Les Violets,LesViolets_728x90_STF_RG,Milieu,728 x 90,Rubicon
705026-15,Les Violets,LesViolets_300x250_ATF_RG-MOB,Haut,300 x 250,Rubicon
705026-43,Les Violets,LesViolets_320x50_ATF_RG-MOB,Haut,320 x 100,Rubicon
705028-117,Les Violets,LesViolets_320x50_STF_RG-MOB,Milieu,320 x 50,Rubicon
705028-15,Les Violets,LesViolets_300x250_STF_RG-MOB,Milieu,300 x 250,Rubicon
705028-43,Les Violets,LesViolets_320x50_STF_RG-MOB,Milieu,320 x 100,Rubicon
705030-15,Les Violets,LesViolets_300x250_BTF_RG-MOB,Bas,300 x 250,Rubicon
705030-43,Les Violets,LesViolets_320x50_BTF_RG-MOB,Bas,320 x 100,Rubicon
718284-10,Le Rugbynistere,LeRugbynistere_300x250_ATF_RG,Haut,300 x 600,Rubicon
718284-15,Le Rugbynistere,LeRugbynistere_300x250_ATF_RG,Haut,300 x 250,Rubicon
718284-2,Le Rugbynistere,LeRugbynistere_728x90_ATF_RG,Haut,728 x 90,Rubicon
718284-57,Le Rugbynistere,LeRugbynistere_728x90_ATF_RG,Haut,970 x 250,Rubicon
718286-10,Le Rugbynistere,LeRugbynistere_300x250_BTF_RG,Bas,300 x 600,Rubicon
718286-15,Le Rugbynistere,LeRugbynistere_300x250_BTF_RG,Bas,300 x 250,Rubicon
718286-2,Le Rugbynistere,LeRugbynistere_728x90_BTF_RG,Bas,728 x 90,Rubicon
718286-57,Le Rugbynistere,LeRugbynistere_728x90_BTF_RG,Bas,970 x 250,Rubicon
718288-10,Le Rugbynistere,LeRugbynistere_300x250_STF_RG,Milieu,300 x 600,Rubicon
718288-15,Le Rugbynistere,LeRugbynistere_300x250_STF_RG,Milieu,300 x 250,Rubicon
718290-15,Le Rugbynistere,LeRugbynistere_300x250_STF_RG,Milieu,300 x 250,Rubicon
718330-117,Le Rugbynistere,LeRugbynistere_320x50_ATF_RG-MOB,Haut,320 x 50,Rubicon
718330-15,Le Rugbynistere,LeRugbynistere_300x250_ATF_RG-MOB,Haut,300 x 250,Rubicon
718330-43,Le Rugbynistere,LeRugbynistere_320x50_ATF_RG-MOB,Haut,320 x 100,Rubicon
718332-117,Le Rugbynistere,LeRugbynistere_320x50_ATF_RG-MOB,Haut,320 x 50,Rubicon
718332-15,Le Rugbynistere,LeRugbynistere_300x250_ATF_RG-MOB,Haut,300 x 250,Rubicon
718332-43,Le Rugbynistere,LeRugbynistere_320x50_ATF_RG-MOB,Haut,320 x 100,Rubicon
718340-15,Le Rugbynistere,LeRugbynistere_300x250_STF_RG-MOB,Milieu,300 x 250,Rubicon
718344-15,Le Rugbynistere,LeRugbynistere_300x250_STF_RG-MOB,Milieu,300 x 250,Rubicon
718352-117,Le Rugbynistere,LeRugbynistere_320x50_BTF_RG-MOB,Bas,320 x 50,Rubicon
718352-15,Le Rugbynistere,LeRugbynistere_300x250_BTF_RG-MOB,Bas,300 x 250,Rubicon
718352-43,Le Rugbynistere,LeRugbynistere_320x50_BTF_RG-MOB,Bas,320 x 100,Rubicon
718356-117,Le Rugbynistere,LeRugbynistere_320x50_BTF_RG-MOB,Bas,320 x 50,Rubicon
718356-15,Le Rugbynistere,LeRugbynistere_300x250_BTF_RG-MOB,Bas,300 x 250,Rubicon
718356-43,Le Rugbynistere,LeRugbynistere_320x50_BTF_RG-MOB,Bas,320 x 100,Rubicon
721194-10,DzFoot,DzFoot_300x250_ATF_RG,Haut,300 x 600,Rubicon
721194-15,DzFoot,DzFoot_300x250_ATF_RG,Haut,300 x 250,Rubicon
721194-2,DzFoot,DzFoot_728x90_ATF_RG,Haut,728 x 90,Rubicon
721194-57,DzFoot,DzFoot_728x90_ATF_RG,Haut,970 x 250,Rubicon
721196-10,DzFoot,DzFoot_300x250_STF_RG,Milieu,300 x 600,Rubicon
721196-15,DzFoot,DzFoot_300x250_STF_RG,Milieu,300 x 250,Rubicon
721198-10,DzFoot,DzFoot_300x250_BTF_RG,Bas,300 x 600,Rubicon
721198-15,DzFoot,DzFoot_300x250_BTF_RG,Bas,300 x 250,Rubicon
721198-2,DzFoot,DzFoot_728x90_BTF_RG,Bas,728 x 90,Rubicon
721198-57,DzFoot,DzFoot_728x90_BTF_RG,Bas,970 x 250,Rubicon
721214-15,DzFoot,DzFoot_300x250_BTF_RG-MOB,Haut,300 x 250,Rubicon
721214-43,DzFoot,DzFoot_320x100_BTF_RG-MOB,Haut,320 x 100,Rubicon
721216-15,DzFoot,DzFoot_300x250_BTF_RG-MOB,Bas,300 x 250,Rubicon
721216-43,DzFoot,DzFoot_320x50_BTF_RG-MOB,Bas,320 x 100,Rubicon
721218-15,DzFoot,DzFoot_300x250_STF_RG-MOB,Milieu,300 x 250,Rubicon
723620-10,Handnews,Handnews_300x250_RG_STF-hp,Haut,300 x 600,Rubicon
723620-15,Handnews,Handnews_300x250_RG_STF-hp,Haut,300 x 250,Rubicon
723620-2,Handnews,Handnews_728x90_RG_ATF,Haut,728 x 90,Rubicon
723620-57,Handnews,Handnews_728x90_RG_ATF,Haut,970 x 250,Rubicon
723622-10,Handnews,Handnews_300x250_RG_BTF,Bas,300 x 600,Rubicon
723622-15,Handnews,Handnews_300x250_RG_BTF,Bas,300 x 250,Rubicon
723622-2,Handnews,Handnews_728x90_RG_BTF,Bas,728 x 90,Rubicon
723622-57,Handnews,Handnews_728x90_RG_BTF,Bas,970 x 250,Rubicon
723626-10,Handnews,Handnews_300x250_RG_STF,Milieu,300 x 600,Rubicon
723626-15,Handnews,Handnews_300x250_RG_STF,Milieu,300 x 250,Rubicon
723628-10,Handnews,Handnews_300x250_RG_STF-rg,Haut,300 x 600,Rubicon
723628-15,Handnews,Handnews_300x250_RG_STF-rg,Haut,300 x 250,Rubicon
723628-2,Handnews,Handnews_728x90_RG_ATF,Haut,728 x 90,Rubicon
723628-57,Handnews,Handnews_728x90_RG_ATF,Haut,970 x 250,Rubicon
723630-10,Handnews,Handnews_300x250_RG_BTF,Bas,300 x 600,Rubicon
723630-15,Handnews,Handnews_300x250_RG_BTF,Bas,300 x 250,Rubicon
723630-2,Handnews,Handnews_728x90_RG_BTF,Bas,728 x 90,Rubicon
723630-57,Handnews,Handnews_728x90_RG_BTF,Bas,970 x 250,Rubicon
1005081560,DzFoot,DzFoot_320x50_BTF_RG-MOB,Bas,320 x 100,Google Adsense
1661130641,Le Rugbynistere,LeRugbynistere_300x250_ATF_RG,Haut,300 x 600,Google Adsense
2251525727,Les Violets,LesViolets_728x90_STF_RG,Milieu,728 x 90,Google Adsense
2295526245,Les Violets,LesViolets_300x250_STF_RG-MOB,Bas,300 x 600,Google Adsense
2535228611,Le Rugbynistere,LeRugbynistere_728x90_ATF_RG,Haut,728 x 90,Google Adsense
2919609092,DzFoot,DzFoot_300x250_BTF_RG,Bas,300 x 600,Google Adsense
2939279646,Le Rugbynistere,LeRugbynistere_300x250_ATF_RG,Haut,300 x 250,Google Adsense
3010451893,Sportune,Sportune_320x50,Bas,320 x 100,Google Adsense
3041863211,Les Violets,LesViolets_300x250_STF_RG,Milieu,300 x 600,Google Adsense
3500011809,French Blues,FrenchBlues_BTF_300x250-RG,Bas,300 x 600,Google Adsense
3641663821,DzFoot,DzFoot_300x250_ATF_RG,Haut,300 x 600,Google Adsense
3729617136,Le Rugbynistere,LeRugbynistere_300x250_ATF_RG,Haut,300 x 250,Google Adsense
4049622273,Le Rugbynistere,LeRugbynistere_300x250_STF_RG,Milieu,300 x 250,Google Adsense
4389268748,French Blues,FrenchBlues_ATF_300x250-RG,Haut,300 x 600,Google Adsense
4790059156,Les Violets,LesViolets_728x90_BTF_RG,Bas,728 x 90,Google Adsense
4801420997,DzFoot,DzFoot_300x250_STF_RG,Milieu,300 x 600,Google Adsense
4823206951,Le Rugbynistere,LeRugbynistere_300x250_STF_RG,Milieu,300 x 250,Google Adsense
4873126076,Handnews,Handnews_300x250_RG_BTF,Bas,300 x 600,Google Adsense
5102395241,French Blues,FrenchBlues_ATF_300x250-RG,Haut,300 x 600,Google Adsense
5288930212,Les Violets,LesViolets_300x250_BTF_RG,Bas,300 x 600,Google Adsense
5367353624,DzFoot,DzFoot_728x90_ATF_RG,Haut,728 x 90,Google Adsense
5371269814,Les Violets,LesViolets_320x50_ATF_RG-MOB,Haut,320 x 100,Google Adsense
5410018013,Les Violets,LesViolets_728x90_BTF_RG,Bas,728 x 90,Google Adsense
5424483976,Les Violets,LesViolets_300x250_STF_RG,Milieu,300 x 600,Google Adsense
5869351857,Le Rugbynistere,LeRugbynistere_300x250_BTF_RG,Bas,300 x 600,Google Adsense
6326596591,Mango Surf,MangoSurf_300x250_BTF_RG,Haut,300 x 600,Google Adsense
6466102909,Les Violets,LesViolets_300x250_ATF_RG,Haut,300 x 600,Google Adsense
6593079002,French Blues,FrenchBlues_ATF_300x250-RG,Haut,300 x 250,Google Adsense
6652561894,Les Violets,LesViolets_300x250_STF_RG,Milieu,300 x 250,Google Adsense
6776761924,Sportune,Sportune_320x50_RG_ATF,Haut,320 x 100,Google Adsense
6927894060,Les Violets,LesViolets_320x50_STF_RG-MOB,Milieu,320 x 100,Google Adsense
7207372306,Le Rugbynistere,LeRugbynistere_300x250_STF_RG,Milieu,300 x 250,Google Adsense
7223005551,DzFoot,DzFoot_728x90_BTF_RG,Bas,728 x 90,Google Adsense
7422994728,Le Rugbynistere,LeRugbynistere_320x50_BTF_RG-MOB,Bas,320 x 100,Google Adsense
7729228439,Le Rugbynistere,LeRugbynistere_728x90_BTF_RG,Bas,728 x 90,Google Adsense
7952443925,DzFoot,DzFoot_320x100_BTF_RG-MOB,Haut,320 x 100,Google Adsense
8260777133,Le Rugbynistere,LeRugbynistere_320x50_ATF_RG-MOB,Haut,320 x 100,Google Adsense
8345467228,Handnews,HandNews_320x50_RG_BTF,Bas,320 x 100,Google Adsense
8635958918,Les Violets,LesViolets_300x250_ATF_RG,Haut,300 x 600,Google Adsense
9185611494,Les Violets,LesViolets_728x90_ATF_RG,Haut,728 x 90,Google Adsense
9337167030,Le Rugbynistere,LeRugbynistere_300x250_BTF_RG,Bas,300 x 250,Google Adsense
9672696651,Les Violets,LesViolets_728x90_STF_RG,Milieu,728 x 90,Google Adsense
9761338328,Les Violets,LesViolets_300x250_BTF_RG,Bas,300 x 600,Google Adsense
9882603732,Les Violets,LesViolets_728x90_ATF_RG,Haut,728 x 90,Google Adsense
AD6-LV,Les Violets,LesViolets_1x1_ATF_RG,Bas,Footer,AD6
A-LV-InRead-Desk,Les Violets,LesViolets_native_ATF_RG-MOB,Haut,InRead,Adikteev
WS-320x50_HN,HandNews,HandNews_320x50_ATF-MOB,Haut,320 x 50,WideSpace
WS-320x50_SPT,Sportune,Sportune_320x50_ATF-MOB,Haut,320 x 50,WideSpace
Mo-300x250_SPT,Sportune,Sportune_300x250_ATF-MOB,Bas,300 x 250,Mozoo
Mo-300x250_FR,FrenchBlues,FrenchBlues_300x250_ATF-MOB,Bas,300 x 250,Mozoo
Mo-300x250_LRN,Le Rugbynistre,LeRugbynistere_300x250_ATF-MOB,Bas,300 x 250,Mozoo
Mo-300x250_DZ,DzFoot,DzFoot_300x250_ATF-MOB,Bas,300 x 250,Mozoo
Mo-300x250_LV,Les Violets,LV_300x250_ATF-MOB,Bas,300 x 250,Mozoo
Mo-300x250_HN,HandNews,HN_300x250_ATF-MOB,Bas,300 x 250,Mozoo
TF-728-FR-ATF,FrenchBlues,FrenchBlues_728x90_ATF,Haut,728 x 90,Tribal Fusion
TF-300-FR-ATF,FrenchBlues,FrenchBlues_300x250_ATF,Haut,300 x 250,Tribal Fusion
TF-CA-300-AS-ATF,Allo Surf,AlloSurf_300x250_RG_ATF,Haut,300 x 250,Tribal Fusion
TF-300-TAL-ATF,Track And Life,TrackandLife_300x250_ATF,Haut,300 x 250,Tribal Fusion
TF-300-TRI-ATF,Trimes,Trimes_300x250_RG_ATF,Haut,300 x 250,Tribal Fusion